-- phpMyAdmin SQL Dump
-- version 5.0.1
-- https://www.phpmyadmin.net/
--
-- Host: 127.0.0.1
-- Generation Time: Dec 22, 2021 at 07:22 AM
-- Server version: 10.4.11-MariaDB
-- PHP Version: 7.4.3

SET SQL_MODE = "NO_AUTO_VALUE_ON_ZERO";
SET AUTOCOMMIT = 0;
START TRANSACTION;
SET time_zone = "+00:00";


/*!40101 SET @OLD_CHARACTER_SET_CLIENT=@@CHARACTER_SET_CLIENT */;
/*!40101 SET @OLD_CHARACTER_SET_RESULTS=@@CHARACTER_SET_RESULTS */;
/*!40101 SET @OLD_COLLATION_CONNECTION=@@COLLATION_CONNECTION */;
/*!40101 SET NAMES utf8mb4 */;

--
-- Database: `feelio`
--

-- --------------------------------------------------------

--
-- Table structure for table `chat`
--

CREATE TABLE `chat` (
  `chat_id` int(11) NOT NULL,
  `friend_request_id` int(11) NOT NULL,
  `user_id` int(11) NOT NULL COMMENT 'person who send msg',
  `message` text NOT NULL,
  `created_at` timestamp NOT NULL DEFAULT current_timestamp()
) ENGINE=InnoDB DEFAULT CHARSET=utf8mb4;

--
-- Dumping data for table `chat`
--

INSERT INTO `chat` (`chat_id`, `friend_request_id`, `user_id`, `message`, `created_at`) VALUES
(3, 2, 3, 'hey', '2021-12-22 05:33:47'),
(4, 2, 5, 'hey', '2021-12-22 05:35:13'),
(5, 2, 5, 'how are you', '2021-12-22 05:38:49'),
(6, 2, 3, 'i m good', '2021-12-22 05:39:06'),
(7, 2, 5, 'thats amazing', '2021-12-22 05:39:12'),
(8, 2, 3, 'i know', '2021-12-22 05:39:19');

-- --------------------------------------------------------

--
-- Table structure for table `comments`
--

CREATE TABLE `comments` (
  `comment_id` int(11) NOT NULL,
  `user_id` int(11) NOT NULL,
  `post_id` int(11) NOT NULL,
  `comment` text NOT NULL,
  `comment_date` timestamp NOT NULL DEFAULT current_timestamp()
) ENGINE=InnoDB DEFAULT CHARSET=utf8mb4;

--
-- Dumping data for table `comments`
--

INSERT INTO `comments` (`comment_id`, `user_id`, `post_id`, `comment`, `comment_date`) VALUES
(1, 3, 5, 'test', '2021-12-22 06:15:21');

-- --------------------------------------------------------

--
-- Table structure for table `friend_requests`
--

CREATE TABLE `friend_requests` (
  `friend_request_id` int(11) NOT NULL,
  `sender_id` int(11) NOT NULL,
  `receiver_id` int(11) NOT NULL,
  `status` enum('Accepted','Pending','Declined') COLLATE utf8mb4_unicode_ci NOT NULL DEFAULT 'Pending',
  `friend_request_date` timestamp NOT NULL DEFAULT current_timestamp()
) ENGINE=InnoDB DEFAULT CHARSET=utf8mb4 COLLATE=utf8mb4_unicode_ci;

--
-- Dumping data for table `friend_requests`
--

INSERT INTO `friend_requests` (`friend_request_id`, `sender_id`, `receiver_id`, `status`, `friend_request_date`) VALUES
(2, 5, 3, 'Accepted', '2021-12-22 05:21:04');

-- --------------------------------------------------------

--
-- Table structure for table `posts`
--

CREATE TABLE `posts` (
  `post_id` int(11) NOT NULL,
  `body` text COLLATE utf8mb4_unicode_ci NOT NULL,
  `image` text COLLATE utf8mb4_unicode_ci DEFAULT NULL,
  `user_id` int(11) NOT NULL,
  `posted_at` timestamp NOT NULL DEFAULT current_timestamp()
) ENGINE=InnoDB DEFAULT CHARSET=utf8mb4 COLLATE=utf8mb4_unicode_ci;

--
-- Dumping data for table `posts`
--

INSERT INTO `posts` (`post_id`, `body`, `image`, `user_id`, `posted_at`) VALUES
(2, 'test1', NULL, 3, '2021-12-21 16:33:13'),
(4, 'test3', NULL, 3, '2021-12-21 16:33:27'),
(5, 'test', NULL, 3, '2021-12-21 16:33:13'),
(6, 'test1', NULL, 3, '2021-12-21 16:33:13'),
(8, 'test3', NULL, 3, '2021-12-21 16:33:27'),
(9, 'test', NULL, 3, '2021-12-21 16:33:13'),
(10, 'test1', NULL, 3, '2021-12-21 16:33:13'),
(12, 'test3', NULL, 3, '2021-12-21 16:33:27'),
(13, 'test', NULL, 3, '2021-12-21 16:33:13'),
(14, 'test1', NULL, 3, '2021-12-21 16:33:13'),
(16, 'test3', NULL, 3, '2021-12-21 16:33:27');

-- --------------------------------------------------------

--
-- Table structure for table `reacts`
--

CREATE TABLE `reacts` (
  `react_id` int(11) NOT NULL,
  `user_id` int(11) NOT NULL,
  `post_id` int(11) NOT NULL
) ENGINE=InnoDB DEFAULT CHARSET=utf8mb4;

--
-- Dumping data for table `reacts`
--

INSERT INTO `reacts` (`react_id`, `user_id`, `post_id`) VALUES
(2, 3, 5),
(1, 5, 5);

-- --------------------------------------------------------

--
-- Table structure for table `reset_password`
--

CREATE TABLE `reset_password` (
  `reset_password_id` int(11) NOT NULL,
  `user_id` int(11) NOT NULL,
  `code` varchar(100) NOT NULL,
  `reset_password_date` timestamp NOT NULL DEFAULT current_timestamp()
) ENGINE=InnoDB DEFAULT CHARSET=utf8mb4;

-- --------------------------------------------------------

--
-- Table structure for table `roles`
--

CREATE TABLE `roles` (
  `role_id` int(11) NOT NULL,
  `role_name` varchar(50) NOT NULL
) ENGINE=InnoDB DEFAULT CHARSET=utf8mb4;

--
-- Dumping data for table `roles`
--

INSERT INTO `roles` (`role_id`, `role_name`) VALUES
(1, 'admin'),
(2, 'user');

-- --------------------------------------------------------

--
-- Table structure for table `users`
--

CREATE TABLE `users` (
  `user_id` int(11) NOT NULL,
  `name` varchar(256) COLLATE utf8mb4_unicode_ci NOT NULL,
  `email` varchar(256) COLLATE utf8mb4_unicode_ci NOT NULL,
  `password` varchar(256) COLLATE utf8mb4_unicode_ci NOT NULL,
  `role_id` int(11) NOT NULL,
  `signup_date` timestamp NOT NULL DEFAULT current_timestamp()
) ENGINE=InnoDB DEFAULT CHARSET=utf8mb4 COLLATE=utf8mb4_unicode_ci;

--
-- Dumping data for table `users`
--

INSERT INTO `users` (`user_id`, `name`, `email`, `password`, `role_id`, `signup_date`) VALUES
(3, 'Hassan', 'test@gmail.com', '$2a$10$TGHsfs847K/1C441ILMa1eaKpQWC48jEJNiWJo.lWFGOjX.NZYDJu', 2, '2021-12-19 15:28:43'),
(5, 'Admin', 'admin@app.com', '$2a$10$TGHsfs847K/1C441ILMa1eaKpQWC48jEJNiWJo.lWFGOjX.NZYDJu', 1, '2021-12-22 02:12:50');

--
-- Indexes for dumped tables
--

--
-- Indexes for table `chat`
--
ALTER TABLE `chat`
  ADD PRIMARY KEY (`chat_id`),
  ADD KEY `friend_request_id` (`friend_request_id`),
  ADD KEY `user_id` (`user_id`);

--
-- Indexes for table `comments`
--
ALTER TABLE `comments`
  ADD PRIMARY KEY (`comment_id`),
  ADD KEY `user_id` (`user_id`),
  ADD KEY `post_id` (`post_id`);

--
-- Indexes for table `friend_requests`
--
ALTER TABLE `friend_requests`
  ADD PRIMARY KEY (`friend_request_id`),
  ADD KEY `sender_id` (`sender_id`,`receiver_id`),
  ADD KEY `receiver_id` (`receiver_id`);

--
-- Indexes for table `posts`
--
ALTER TABLE `posts`
  ADD PRIMARY KEY (`post_id`),
  ADD KEY `user_id` (`user_id`);

--
-- Indexes for table `reacts`
--
ALTER TABLE `reacts`
  ADD PRIMARY KEY (`react_id`),
  ADD UNIQUE KEY `user_id` (`user_id`,`post_id`),
  ADD KEY `post_id` (`post_id`);

--
-- Indexes for table `reset_password`
--
ALTER TABLE `reset_password`
  ADD PRIMARY KEY (`reset_password_id`),
  ADD KEY `user_id` (`user_id`);

--
-- Indexes for table `roles`
--
ALTER TABLE `roles`
  ADD PRIMARY KEY (`role_id`);

--
-- Indexes for table `users`
--
ALTER TABLE `users`
  ADD PRIMARY KEY (`user_id`),
  ADD UNIQUE KEY `email` (`email`),
  ADD KEY `role_id` (`role_id`);

--
-- AUTO_INCREMENT for dumped tables
--

--
-- AUTO_INCREMENT for table `chat`
--
ALTER TABLE `chat`
  MODIFY `chat_id` int(11) NOT NULL AUTO_INCREMENT, AUTO_INCREMENT=9;

--
-- AUTO_INCREMENT for table `comments`
--
ALTER TABLE `comments`
  MODIFY `comment_id` int(11) NOT NULL AUTO_INCREMENT, AUTO_INCREMENT=2;

--
-- AUTO_INCREMENT for table `friend_requests`
--
ALTER TABLE `friend_requests`
  MODIFY `friend_request_id` int(11) NOT NULL AUTO_INCREMENT, AUTO_INCREMENT=3;

--
-- AUTO_INCREMENT for table `posts`
--
ALTER TABLE `posts`
  MODIFY `post_id` int(11) NOT NULL AUTO_INCREMENT, AUTO_INCREMENT=17;

--
-- AUTO_INCREMENT for table `reacts`
--
ALTER TABLE `reacts`
  MODIFY `react_id` int(11) NOT NULL AUTO_INCREMENT, AUTO_INCREMENT=4;

--
-- AUTO_INCREMENT for table `reset_password`
--
ALTER TABLE `reset_password`
  MODIFY `reset_password_id` int(11) NOT NULL AUTO_INCREMENT;

--
-- AUTO_INCREMENT for table `roles`
--
ALTER TABLE `roles`
  MODIFY `role_id` int(11) NOT NULL AUTO_INCREMENT, AUTO_INCREMENT=3;

--
-- AUTO_INCREMENT for table `users`
--
ALTER TABLE `users`
  MODIFY `user_id` int(11) NOT NULL AUTO_INCREMENT, AUTO_INCREMENT=8;

--
-- Constraints for dumped tables
--

--
-- Constraints for table `chat`
--
ALTER TABLE `chat`
  ADD CONSTRAINT `chat_ibfk_1` FOREIGN KEY (`friend_request_id`) REFERENCES `friend_requests` (`friend_request_id`) ON DELETE CASCADE,
  ADD CONSTRAINT `chat_ibfk_2` FOREIGN KEY (`user_id`) REFERENCES `users` (`user_id`) ON DELETE CASCADE;

--
-- Constraints for table `comments`
--
ALTER TABLE `comments`
  ADD CONSTRAINT `comments_ibfk_1` FOREIGN KEY (`user_id`) REFERENCES `users` (`user_id`),
  ADD CONSTRAINT `comments_ibfk_2` FOREIGN KEY (`post_id`) REFERENCES `posts` (`post_id`);

--
-- Constraints for table `friend_requests`
--
ALTER TABLE `friend_requests`
  ADD CONSTRAINT `friend_requests_ibfk_1` FOREIGN KEY (`receiver_id`) REFERENCES `users` (`user_id`) ON DELETE CASCADE,
  ADD CONSTRAINT `friend_requests_ibfk_2` FOREIGN KEY (`sender_id`) REFERENCES `users` (`user_id`) ON DELETE CASCADE;

--
-- Constraints for table `posts`
--
ALTER TABLE `posts`
  ADD CONSTRAINT `posts_ibfk_1` FOREIGN KEY (`user_id`) REFERENCES `users` (`user_id`) ON DELETE CASCADE;

--
-- Constraints for table `reacts`
--
ALTER TABLE `reacts`
  ADD CONSTRAINT `reacts_ibfk_1` FOREIGN KEY (`user_id`) REFERENCES `users` (`user_id`),
  ADD CONSTRAINT `reacts_ibfk_2` FOREIGN KEY (`post_id`) REFERENCES `posts` (`post_id`);

--
-- Constraints for table `reset_password`
--
ALTER TABLE `reset_password`
  ADD CONSTRAINT `reset_password_ibfk_1` FOREIGN KEY (`user_id`) REFERENCES `users` (`user_id`);

--
-- Constraints for table `users`
--
ALTER TABLE `users`
  ADD CONSTRAINT `users_ibfk_1` FOREIGN KEY (`role_id`) REFERENCES `roles` (`role_id`);
COMMIT;

/*!40101 SET CHARACTER_SET_CLIENT=@OLD_CHARACTER_SET_CLIENT */;
/*!40101 SET CHARACTER_SET_RESULTS=@OLD_CHARACTER_SET_RESULTS */;
/*!40101 SET COLLATION_CONNECTION=@OLD_COLLATION_CONNECTION */;
